method,clean_acc,pgd10_acc,ece_clean,ece_adv
ERM (baseline),0.9279,0.0377,0.04407999008297918,0.9519330303251743
ERM + Temp. Scaling,0.9279,0.0377,0.03730129633247855,0.9516943608880043
ERM + CRL,0.9229,0.0653,0.018493218708038314,0.8928738114148378
Madry (adv. train),0.9065,0.7601,0.027890973424911533,0.13979067369997505
Madry + CRL,0.9059,0.7717,0.01792732947915791,0.0715855012744665
CCAT,0.1594,0.0342,0.09462863538265229,0.214715896576643
